{
  "timestamp": "20251001_105358",
  "iterations": 5,
  "all_results": [
    {
      "initial_capital": 4000.0,
      "final_capital": 4408.217932467467,
      "total_return": 0.10205448311686678,
      "total_return_pct": 10.205448311686679,
      "total_pnl": 408.2179324674673,
      "stock_pnl": 33.009155586142676,
      "options_pnl": 375.2087768813246,
      "total_trades": 21,
      "stock_trades": 11,
      "options_trades": 10,
      "stock_win_rate": 0.8181818181818182,
      "options_win_rate": 0.7,
      "cash_reserve": 800.0,
      "allocated_stock_capital": 672.8779213280227,
      "allocated_options_capital": 2314.7826166653626,
      "available_stock_capital": 127.12207867197748,
      "available_options_capital": 85.21738333463662
    },
    {
      "initial_capital": 4000.0,
      "final_capital": 4087.6150206627744,
      "total_return": 0.02190375516569361,
      "total_return_pct": 2.190375516569361,
      "total_pnl": 87.61502066277438,
      "stock_pnl": 37.8931597060946,
      "options_pnl": 49.72186095667979,
      "total_trades": 23,
      "stock_trades": 12,
      "options_trades": 11,
      "stock_win_rate": 0.8333333333333334,
      "options_win_rate": 0.5454545454545454,
      "cash_reserve": 800.0,
      "allocated_stock_capital": 737.8795729415308,
      "allocated_options_capital": 2313.333559940585,
      "available_stock_capital": 62.120427058469254,
      "available_options_capital": 86.66644005941495
    },
    {
      "initial_capital": 4000.0,
      "final_capital": 4276.043908622956,
      "total_return": 0.06901097715573906,
      "total_return_pct": 6.901097715573906,
      "total_pnl": 276.04390862295674,
      "stock_pnl": 30.543931230818785,
      "options_pnl": 245.49997739213794,
      "total_trades": 22,
      "stock_trades": 11,
      "options_trades": 11,
      "stock_win_rate": 0.9090909090909091,
      "options_win_rate": 0.6363636363636364,
      "cash_reserve": 800.0,
      "allocated_stock_capital": 715.5632005812535,
      "allocated_options_capital": 2291.216634420943,
      "available_stock_capital": 84.43679941874657,
      "available_options_capital": 108.7833655790565
    },
    {
      "initial_capital": 4000.0,
      "final_capital": 4231.404204768773,
      "total_return": 0.05785105119219315,
      "total_return_pct": 5.785105119219315,
      "total_pnl": 231.4042047687741,
      "stock_pnl": 52.22640554513738,
      "options_pnl": 179.1777992236367,
      "total_trades": 24,
      "stock_trades": 12,
      "options_trades": 12,
      "stock_win_rate": 0.8333333333333334,
      "options_win_rate": 0.5833333333333334,
      "cash_reserve": 800.0,
      "allocated_stock_capital": 750.7149596275659,
      "allocated_options_capital": 2305.4150468094654,
      "available_stock_capital": 49.28504037243404,
      "available_options_capital": 94.58495319053418
    },
    {
      "initial_capital": 4000.0,
      "final_capital": 4176.152480535712,
      "total_return": 0.044038120133928035,
      "total_return_pct": 4.403812013392804,
      "total_pnl": 176.15248053571216,
      "stock_pnl": 53.23851614084648,
      "options_pnl": 122.91396439486567,
      "total_trades": 20,
      "stock_trades": 10,
      "options_trades": 10,
      "stock_win_rate": 0.8,
      "options_win_rate": 0.5,
      "cash_reserve": 800.0,
      "allocated_stock_capital": 691.796752584568,
      "allocated_options_capital": 2306.0975146996316,
      "available_stock_capital": 108.20324741543203,
      "available_options_capital": 93.90248530036843
    }
  ],
  "averages": {
    "avg_return_pct": 5.897167735288413,
    "avg_final_capital": 4235.886709411536,
    "avg_total_trades": 22.0,
    "avg_stock_win_rate": 0.8387878787878789,
    "avg_options_win_rate": 0.593030303030303
  }
}